{
  "kd": 0.0,
  "ki": 10.0,
  "kp": 8.628571428571428,
  "score": 0.10892194399929514
}
